Workbook

Sheet 财政贴息试算
B1: 财政贴息政策适用范围： 个人客户、自用车，且客户在财政贴息前实际承担贷款利率不为0%； 同一客户在我司年度累计财政贴息上限为3000元，资质审核以我司及财政最终审核结果为准。
B2: 财政贴息比例 （上限） | C2: 0.01 | D2: 注：财政贴息不超过客户实际承担的利息（最低可贴息至 0息）。 示例：若厂商贴息后客户实际承担年化利率为 0.5%，则财政贴息最高贴息比例为0.5%
B3: 政策结束日期 | C3: 46387
B5: 注：以下仅为测算示例，具体财政贴息金额以实际执行为准。
B6: 等额本息类 | F6: 5050方案 | J6: 6666方案
B7: 录入贷款参数 | F7: 录入贷款参数 | J7: 录入贷款参数
B8: 贷款本金(元) | C8: 33000 | F8: 贷款本金(元) | G8: 54145 | J8: 贷款本金(元) | K8: 70000
B9: 贷款期限(月) | C9: 12 | F9: 贷款期限(月) | G9: 12 | J9: 贷款期限(月) | K9: 24
B10: 客户试算年化利率 | C10: 0.01 | D10: =MIN(C2,C10) -> 0.01 | F10: 客户试算年化利率 | G10: 0.0099 | H10: =MIN(C2,G10) -> 0.0099 | J10: 客户试算年化利率 | K10: 0.0318 | L10: =MIN(C2,K10) -> 0.01
B11: 预估放款日期 （格式：年/月/日） | C11: 46093 | F11: 预估放款日期 （格式：年/月/日） | G11: 46082 | J11: 预估放款日期 （格式：年/月/日） | K11: 46084
B12: 试算月还金额 | C12: =PMT(C10/12,C9,-C8) -> 2764.9186 | F12: 试算月还金额 | G12: =PMT(G10/12,G9,-G8,G8) -> 44.669625 | J12: 试算总利息 | K12: =K10/12*K8*6+K10/12*(K8*75%)*6+K10/12*(K8*50%)*6+K10/12*(K8*25%)*6 -> 2782.5
B13: 试算总利息 | C13: =C12*C9-C8 -> 179.02298 | F13: 试算总利息 | G13: =G12*G9 -> 536.0355
B14: 试算年化费率 | C14: =C13/C8/(C9/12) -> 0.0054249387 | F14: 试算年化费率 | G14: =G13/G8/(G9/12) -> 0.0099 | J14: 试算年化费率 | K14: =K12/K8/(K9/12) -> 0.019875
B15: 预估客户可享受的 财政贴息合计(元) | C15: =SUM(C20:C31) -> 169.81809 | D15: 注：年累财政贴息上限为3000元。 | F15: 预估客户可享受的 财政贴息合计(元) | G15: =SUM(G20:G31) -> 446.69625 | J15: 预估客户可享受的 财政贴息合计(元) | K15: =SUM(K20:K31) -> 523.54167
B16: 抵扣财政贴息后 客户试算年化费率 | C16: =(C13-C15)/C8/(C9/12) -> 0.000278936 | F16: 抵扣财政贴息后 客户试算年化费率 | G16: =(G13-G15)/G8/(G9/12) -> 0.00165 | J16: 抵扣财政贴息后 客户试算年化费率 | K16: =(K12-K15)/K8/(K9/12) -> 0.016135417
B18: 财政贴息明细（试算） | F18: 财政贴息明细（试算） | J18: 财政贴息明细（试算）
B19: 可享受贴息期数 | C19: 单期应贴息试算 | D19: 贴息计息截止日期 | F19: 可享受贴息期数 | G19: 单期应贴息试算 | H19: 贴息计息截止日期 | J19: 可享受贴息期数 | K19: 单期应贴息试算 | L19: 贴息计息截止日期
B20: =明细表!A2 -> 1 | C20: =IF(B20="","",明细表!F2) -> 27.5 | D20: =IF(B20="","",明细表!C2) -> 46123 | F20: =明细表!I2 -> 1 | G20: =IF(F20="","",明细表!N2) -> 44.669625 | H20: =IF(F20="","",明细表!K2) -> 46112 | J20: =明细表!Q2 -> 1 | K20: =IF(J20="","",明细表!V2) -> 58.333333 | L20: =IF(J20="","",明细表!S2) -> 46114
B21: =明细表!A3 -> 2 | C21: =IF(B21="","",明细表!F3) -> 25.218818 | D21: =IF(B21="","",明细表!C3) -> 46153 | F21: =明细表!I3 -> 2 | G21: =IF(F21="","",明细表!N3) -> 44.669625 | H21: =IF(F21="","",明细表!K3) -> 46142 | J21: =明细表!Q3 -> 2 | K21: =IF(J21="","",明细表!V3) -> 58.333333 | L21: =IF(J21="","",明细表!S3) -> 46144
B22: =明细表!A4 -> 3 | C22: =IF(B22="","",明细表!F4) -> 22.935735 | D22: =IF(B22="","",明细表!C4) -> 46184 | F22: =明细表!I4 -> 3 | G22: =IF(F22="","",明细表!N4) -> 44.669625 | H22: =IF(F22="","",明细表!K4) -> 46173 | J22: =明细表!Q4 -> 3 | K22: =IF(J22="","",明细表!V4) -> 58.333333 | L22: =IF(J22="","",明细表!S4) -> 46175
B23: =明细表!A5 -> 4 | C23: =IF(B23="","",明细表!F5) -> 20.650749 | D23: =IF(B23="","",明细表!C5) -> 46214 | F23: =明细表!I5 -> 4 | G23: =IF(F23="","",明细表!N5) -> 44.669625 | H23: =IF(F23="","",明细表!K5) -> 46203 | J23: =明细表!Q5 -> 4 | K23: =IF(J23="","",明细表!V5) -> 58.333333 | L23: =IF(J23="","",明细表!S5) -> 46205
B24: =明细表!A6 -> 5 | C24: =IF(B24="","",明细表!F6) -> 18.363859 | D24: =IF(B24="","",明细表!C6) -> 46245 | F24: =明细表!I6 -> 5 | G24: =IF(F24="","",明细表!N6) -> 44.669625 | H24: =IF(F24="","",明细表!K6) -> 46234 | J24: =明细表!Q6 -> 5 | K24: =IF(J24="","",明细表!V6) -> 58.333333 | L24: =IF(J24="","",明细表!S6) -> 46236
B25: =明细表!A7 -> 6 | C25: =IF(B25="","",明细表!F7) -> 16.075064 | D25: =IF(B25="","",明细表!C7) -> 46276 | F25: =明细表!I7 -> 6 | G25: =IF(F25="","",明细表!N7) -> 44.669625 | H25: =IF(F25="","",明细表!K7) -> 46265 | J25: =明细表!Q7 -> 6 | K25: =IF(J25="","",明细表!V7) -> 58.333333 | L25: =IF(J25="","",明细表!S7) -> 46267
B26: =明细表!A8 -> 7 | C26: =IF(B26="","",明细表!F8) -> 13.784361 | D26: =IF(B26="","",明细表!C8) -> 46306 | F26: =明细表!I8 -> 7 | G26: =IF(F26="","",明细表!N8) -> 44.669625 | H26: =IF(F26="","",明细表!K8) -> 46295 | J26: =明细表!Q8 -> 7 | K26: =IF(J26="","",明细表!V8) -> 43.75 | L26: =IF(J26="","",明细表!S8) -> 46297
B27: =明细表!A9 -> 8 | C27: =IF(B27="","",明细表!F9) -> 11.491749 | D27: =IF(B27="","",明细表!C9) -> 46337 | F27: =明细表!I9 -> 8 | G27: =IF(F27="","",明细表!N9) -> 44.669625 | H27: =IF(F27="","",明细表!K9) -> 46326 | J27: =明细表!Q9 -> 8 | K27: =IF(J27="","",明细表!V9) -> 43.75 | L27: =IF(J27="","",明细表!S9) -> 46328
B28: =明细表!A10 -> 9 | C28: =IF(B28="","",明细表!F10) -> 9.1972264 | D28: =IF(B28="","",明细表!C10) -> 46367 | F28: =明细表!I10 -> 9 | G28: =IF(F28="","",明细表!N10) -> 44.669625 | H28: =IF(F28="","",明细表!K10) -> 46356 | J28: =明细表!Q10 -> 9 | K28: =IF(J28="","",明细表!V10) -> 43.75 | L28: =IF(J28="","",明细表!S10) -> 46358
B29: =明细表!A11 -> 10 | C29: =IF(B29="","",明细表!F11) -> 4.600528 | D29: =IF(B29="","",明细表!C11) -> 46387 | F29: =明细表!I11 -> 10 | G29: =IF(F29="","",明细表!N11) -> 44.669625 | H29: =IF(F29="","",明细表!K11) -> 46387 | J29: =明细表!Q11 -> 10 | K29: =IF(J29="","",明细表!V11) -> 42.291667 | L29: =IF(J29="","",明细表!S11) -> 46387
B30: =明细表!A12 | C30: =IF(B30="","",明细表!F12) | D30: =IF(B30="","",明细表!C12) | F30: =明细表!I12 | G30: =IF(F30="","",明细表!N12) | H30: =IF(F30="","",明细表!K12) | J30: =明细表!Q12 | K30: =IF(J30="","",明细表!V12) | L30: =IF(J30="","",明细表!S12)
B31: =明细表!A13 | C31: =IF(B31="","",明细表!F13) | D31: =IF(B31="","",明细表!C13) | F31: =明细表!I13 | G31: =IF(F31="","",明细表!N13) | H31: =IF(F31="","",明细表!K13) | J31: =明细表!Q13 | K31: =IF(J31="","",明细表!V13) | L31: =IF(J31="","",明细表!S13)

Sheet 明细表
A1: 期数 | B1: 当期起始日 | C1: 当期结束日 | D1: 当期天数 | E1: 期初剩余本金 | F1: 单期应贴息 | I1: 5050期数 | J1: 当期起始日 | K1: 当期结束日 | L1: 当期天数 | M1: 期初剩余本金 | N1: 单期应贴息 | Q1: 6666期数 | R1: 当期起始日 | S1: 当期结束日 | T1: 当期天数 | U1: 期初剩余本金 | V1: 单期应贴息
A2: =IF(ROW()-1>MIN(DATEDIF(财政贴息试算!$C$11,财政贴息试算!$C$3,"m")+1,财政贴息试算!$C$9),"",ROW()-1) -> 1 | B2: =IF(A2="","",EDATE(财政贴息试算!$C$11,A2-1)) -> 46093 | C2: =IF(A2="","",MIN(EDATE(财政贴息试算!$C$11,A2)-1,财政贴息试算!$C$3)) -> 46123 | D2: =IF(A2="","",DATEDIF(B2,C2,"d")+1) -> 31 | E2: =IF(A2="","",财政贴息试算!C8) -> 33000 | F2: =IF(D2>=30,E2*财政贴息试算!$D$10*30/360,E2*财政贴息试算!$D$10*明细表!D2/360) -> 27.5 | I2: =IF(ROW()-1>MIN(DATEDIF(财政贴息试算!$G$11,财政贴息试算!$C$3,"m")+1,财政贴息试算!$G$9),"",ROW()-1) -> 1 | J2: =IF(I2="","",EDATE(财政贴息试算!$G$11,I2-1)) -> 46082 | K2: =IF(I2="","",MIN(EDATE(财政贴息试算!$G$11,I2)-1,财政贴息试算!$C$3)) -> 46112 | L2: =IF(I2="","",DATEDIF(J2,K2,"d")+1) -> 31 | M2: =IF(I2="","",财政贴息试算!$G$8) -> 54145 | N2: =IF(L2>=30,M2*财政贴息试算!$H$10*30/360,M2*财政贴息试算!$H$10*明细表!L2/360) -> 44.669625 | Q2: =IF(ROW()-1>MIN(DATEDIF(财政贴息试算!$K$11,财政贴息试算!$C$3,"m")+1,财政贴息试算!$NF$9),"",ROW()-1) -> 1 | R2: =IF(Q2="","",EDATE(财政贴息试算!$K$11,Q2-1)) -> 46084 | S2: =IF(Q2="","",MIN(EDATE(财政贴息试算!$K$11,Q2)-1,财政贴息试算!$C$3)) -> 46114 | T2: =IF(Q2="","",DATEDIF(R2,S2,"d")+1) -> 31 | U2: =IF(Q2="","",财政贴息试算!$K$8) -> 70000 | V2: =IF(T2>=30,U2*财政贴息试算!$C$2*30/360,U2*财政贴息试算!$C$2*明细表!T2/360) -> 58.333333
A3: =IF(ROW()-1>MIN(DATEDIF(财政贴息试算!$C$11,财政贴息试算!$C$3,"m")+1,财政贴息试算!$C$9),"",ROW()-1) -> 2 | B3: =IF(A3="","",EDATE(财政贴息试算!$C$11,A3-1)) -> 46124 | C3: =IF(A3="","",MIN(EDATE(财政贴息试算!$C$11,A3)-1,财政贴息试算!$C$3)) -> 46153 | D3: =IF(A3="","",DATEDIF(B3,C3,"d")+1) -> 30 | E3: =IF(A3="","",E2*(1+财政贴息试算!$C$10/12)-财政贴息试算!$C$8*(财政贴息试算!$C$10/12)*(1+财政贴息试算!$C$10/12)^财政贴息试算!$C$9/((1+财政贴息试算!$C$10/12)^财政贴息试算!$C$9-1)) -> 30262.581 | F3: =IF(D3>=30,E3*财政贴息试算!$D$10*30/360,E3*财政贴息试算!$D$10*明细表!D3/360) -> 25.218818 | I3: =IF(ROW()-1>MIN(DATEDIF(财政贴息试算!$G$11,财政贴息试算!$C$3,"m")+1,财政贴息试算!$G$9),"",ROW()-1) -> 2 | J3: =IF(I3="","",EDATE(财政贴息试算!$G$11,I3-1)) -> 46113 | K3: =IF(I3="","",MIN(EDATE(财政贴息试算!$G$11,I3)-1,财政贴息试算!$C$3)) -> 46142 | L3: =IF(I3="","",DATEDIF(J3,K3,"d")+1) -> 30 | M3: =IF(I3="","",财政贴息试算!$G$8) -> 54145 | N3: =IF(L3>=30,M3*财政贴息试算!$H$10*30/360,M3*财政贴息试算!$H$10*明细表!L3/360) -> 44.669625 | Q3: =IF(ROW()-1>MIN(DATEDIF(财政贴息试算!$K$11,财政贴息试算!$C$3,"m")+1,财政贴息试算!$NF$9),"",ROW()-1) -> 2 | R3: =IF(Q3="","",EDATE(财政贴息试算!$K$11,Q3-1)) -> 46115 | S3: =IF(Q3="","",MIN(EDATE(财政贴息试算!$K$11,Q3)-1,财政贴息试算!$C$3)) -> 46144 | T3: =IF(Q3="","",DATEDIF(R3,S3,"d")+1) -> 30 | U3: =IF(Q3="","",财政贴息试算!$K$8) -> 70000 | V3: =IF(T3>=30,U3*财政贴息试算!$C$2*30/360,U3*财政贴息试算!$C$2*明细表!T3/360) -> 58.333333
A4: =IF(ROW()-1>MIN(DATEDIF(财政贴息试算!$C$11,财政贴息试算!$C$3,"m")+1,财政贴息试算!$C$9),"",ROW()-1) -> 3 | B4: =IF(A4="","",EDATE(财政贴息试算!$C$11,A4-1)) -> 46154 | C4: =IF(A4="","",MIN(EDATE(财政贴息试算!$C$11,A4)-1,财政贴息试算!$C$3)) -> 46184 | D4: =IF(A4="","",DATEDIF(B4,C4,"d")+1) -> 31 | E4: =IF(A4="","",E3*(1+财政贴息试算!$C$10/12)-财政贴息试算!$C$8*(财政贴息试算!$C$10/12)*(1+财政贴息试算!$C$10/12)^财政贴息试算!$C$9/((1+财政贴息试算!$C$10/12)^财政贴息试算!$C$9-1)) -> 27522.882 | F4: =IF(D4>=30,E4*财政贴息试算!$D$10*30/360,E4*财政贴息试算!$D$10*明细表!D4/360) -> 22.935735 | I4: =IF(ROW()-1>MIN(DATEDIF(财政贴息试算!$G$11,财政贴息试算!$C$3,"m")+1,财政贴息试算!$G$9),"",ROW()-1) -> 3 | J4: =IF(I4="","",EDATE(财政贴息试算!$G$11,I4-1)) -> 46143 | K4: =IF(I4="","",MIN(EDATE(财政贴息试算!$G$11,I4)-1,财政贴息试算!$C$3)) -> 46173 | L4: =IF(I4="","",DATEDIF(J4,K4,"d")+1) -> 31 | M4: =IF(I4="","",财政贴息试算!$G$8) -> 54145 | N4: =IF(L4>=30,M4*财政贴息试算!$H$10*30/360,M4*财政贴息试算!$H$10*明细表!L4/360) -> 44.669625 | Q4: =IF(ROW()-1>MIN(DATEDIF(财政贴息试算!$K$11,财政贴息试算!$C$3,"m")+1,财政贴息试算!$NF$9),"",ROW()-1) -> 3 | R4: =IF(Q4="","",EDATE(财政贴息试算!$K$11,Q4-1)) -> 46145 | S4: =IF(Q4="","",MIN(EDATE(财政贴息试算!$K$11,Q4)-1,财政贴息试算!$C$3)) -> 46175 | T4: =IF(Q4="","",DATEDIF(R4,S4,"d")+1) -> 31 | U4: =IF(Q4="","",财政贴息试算!$K$8) -> 70000 | V4: =IF(T4>=30,U4*财政贴息试算!$C$2*30/360,U4*财政贴息试算!$C$2*明细表!T4/360) -> 58.333333
A5: =IF(ROW()-1>MIN(DATEDIF(财政贴息试算!$C$11,财政贴息试算!$C$3,"m")+1,财政贴息试算!$C$9),"",ROW()-1) -> 4 | B5: =IF(A5="","",EDATE(财政贴息试算!$C$11,A5-1)) -> 46185 | C5: =IF(A5="","",MIN(EDATE(财政贴息试算!$C$11,A5)-1,财政贴息试算!$C$3)) -> 46214 | D5: =IF(A5="","",DATEDIF(B5,C5,"d")+1) -> 30 | E5: =IF(A5="","",E4*(1+财政贴息试算!$C$10/12)-财政贴息试算!$C$8*(财政贴息试算!$C$10/12)*(1+财政贴息试算!$C$10/12)^财政贴息试算!$C$9/((1+财政贴息试算!$C$10/12)^财政贴息试算!$C$9-1)) -> 24780.899 | F5: =IF(D5>=30,E5*财政贴息试算!$D$10*30/360,E5*财政贴息试算!$D$10*明细表!D5/360) -> 20.650749 | I5: =IF(ROW()-1>MIN(DATEDIF(财政贴息试算!$G$11,财政贴息试算!$C$3,"m")+1,财政贴息试算!$G$9),"",ROW()-1) -> 4 | J5: =IF(I5="","",EDATE(财政贴息试算!$G$11,I5-1)) -> 46174 | K5: =IF(I5="","",MIN(EDATE(财政贴息试算!$G$11,I5)-1,财政贴息试算!$C$3)) -> 46203 | L5: =IF(I5="","",DATEDIF(J5,K5,"d")+1) -> 30 | M5: =IF(I5="","",财政贴息试算!$G$8) -> 54145 | N5: =IF(L5>=30,M5*财政贴息试算!$H$10*30/360,M5*财政贴息试算!$H$10*明细表!L5/360) -> 44.669625 | Q5: =IF(ROW()-1>MIN(DATEDIF(财政贴息试算!$K$11,财政贴息试算!$C$3,"m")+1,财政贴息试算!$NF$9),"",ROW()-1) -> 4 | R5: =IF(Q5="","",EDATE(财政贴息试算!$K$11,Q5-1)) -> 46176 | S5: =IF(Q5="","",MIN(EDATE(财政贴息试算!$K$11,Q5)-1,财政贴息试算!$C$3)) -> 46205 | T5: =IF(Q5="","",DATEDIF(R5,S5,"d")+1) -> 30 | U5: =IF(Q5="","",财政贴息试算!$K$8) -> 70000 | V5: =IF(T5>=30,U5*财政贴息试算!$C$2*30/360,U5*财政贴息试算!$C$2*明细表!T5/360) -> 58.333333
A6: =IF(ROW()-1>MIN(DATEDIF(财政贴息试算!$C$11,财政贴息试算!$C$3,"m")+1,财政贴息试算!$C$9),"",ROW()-1) -> 5 | B6: =IF(A6="","",EDATE(财政贴息试算!$C$11,A6-1)) -> 46215 | C6: =IF(A6="","",MIN(EDATE(财政贴息试算!$C$11,A6)-1,财政贴息试算!$C$3)) -> 46245 | D6: =IF(A6="","",DATEDIF(B6,C6,"d")+1) -> 31 | E6: =IF(A6="","",E5*(1+财政贴息试算!$C$10/12)-财政贴息试算!$C$8*(财政贴息试算!$C$10/12)*(1+财政贴息试算!$C$10/12)^财政贴息试算!$C$9/((1+财政贴息试算!$C$10/12)^财政贴息试算!$C$9-1)) -> 22036.631 | F6: =IF(D6>=30,E6*财政贴息试算!$D$10*30/360,E6*财政贴息试算!$D$10*明细表!D6/360) -> 18.363859 | I6: =IF(ROW()-1>MIN(DATEDIF(财政贴息试算!$G$11,财政贴息试算!$C$3,"m")+1,财政贴息试算!$G$9),"",ROW()-1) -> 5 | J6: =IF(I6="","",EDATE(财政贴息试算!$G$11,I6-1)) -> 46204 | K6: =IF(I6="","",MIN(EDATE(财政贴息试算!$G$11,I6)-1,财政贴息试算!$C$3)) -> 46234 | L6: =IF(I6="","",DATEDIF(J6,K6,"d")+1) -> 31 | M6: =IF(I6="","",财政贴息试算!$G$8) -> 54145 | N6: =IF(L6>=30,M6*财政贴息试算!$H$10*30/360,M6*财政贴息试算!$H$10*明细表!L6/360) -> 44.669625 | Q6: =IF(ROW()-1>MIN(DATEDIF(财政贴息试算!$K$11,财政贴息试算!$C$3,"m")+1,财政贴息试算!$NF$9),"",ROW()-1) -> 5 | R6: =IF(Q6="","",EDATE(财政贴息试算!$K$11,Q6-1)) -> 46206 | S6: =IF(Q6="","",MIN(EDATE(财政贴息试算!$K$11,Q6)-1,财政贴息试算!$C$3)) -> 46236 | T6: =IF(Q6="","",DATEDIF(R6,S6,"d")+1) -> 31 | U6: =IF(Q6="","",财政贴息试算!$K$8) -> 70000 | V6: =IF(T6>=30,U6*财政贴息试算!$C$2*30/360,U6*财政贴息试算!$C$2*明细表!T6/360) -> 58.333333
A7: =IF(ROW()-1>MIN(DATEDIF(财政贴息试算!$C$11,财政贴息试算!$C$3,"m")+1,财政贴息试算!$C$9),"",ROW()-1) -> 6 | B7: =IF(A7="","",EDATE(财政贴息试算!$C$11,A7-1)) -> 46246 | C7: =IF(A7="","",MIN(EDATE(财政贴息试算!$C$11,A7)-1,财政贴息试算!$C$3)) -> 46276 | D7: =IF(A7="","",DATEDIF(B7,C7,"d")+1) -> 31 | E7: =IF(A7="","",E6*(1+财政贴息试算!$C$10/12)-财政贴息试算!$C$8*(财政贴息试算!$C$10/12)*(1+财政贴息试算!$C$10/12)^财政贴息试算!$C$9/((1+财政贴息试算!$C$10/12)^财政贴息试算!$C$9-1)) -> 19290.076 | F7: =IF(D7>=30,E7*财政贴息试算!$D$10*30/360,E7*财政贴息试算!$D$10*明细表!D7/360) -> 16.075064 | I7: =IF(ROW()-1>MIN(DATEDIF(财政贴息试算!$G$11,财政贴息试算!$C$3,"m")+1,财政贴息试算!$G$9),"",ROW()-1) -> 6 | J7: =IF(I7="","",EDATE(财政贴息试算!$G$11,I7-1)) -> 46235 | K7: =IF(I7="","",MIN(EDATE(财政贴息试算!$G$11,I7)-1,财政贴息试算!$C$3)) -> 46265 | L7: =IF(I7="","",DATEDIF(J7,K7,"d")+1) -> 31 | M7: =IF(I7="","",财政贴息试算!$G$8) -> 54145 | N7: =IF(L7>=30,M7*财政贴息试算!$H$10*30/360,M7*财政贴息试算!$H$10*明细表!L7/360) -> 44.669625 | Q7: =IF(ROW()-1>MIN(DATEDIF(财政贴息试算!$K$11,财政贴息试算!$C$3,"m")+1,财政贴息试算!$NF$9),"",ROW()-1) -> 6 | R7: =IF(Q7="","",EDATE(财政贴息试算!$K$11,Q7-1)) -> 46237 | S7: =IF(Q7="","",MIN(EDATE(财政贴息试算!$K$11,Q7)-1,财政贴息试算!$C$3)) -> 46267 | T7: =IF(Q7="","",DATEDIF(R7,S7,"d")+1) -> 31 | U7: =IF(Q7="","",财政贴息试算!$K$8) -> 70000 | V7: =IF(T7>=30,U7*财政贴息试算!$C$2*30/360,U7*财政贴息试算!$C$2*明细表!T7/360) -> 58.333333
A8: =IF(ROW()-1>MIN(DATEDIF(财政贴息试算!$C$11,财政贴息试算!$C$3,"m")+1,财政贴息试算!$C$9),"",ROW()-1) -> 7 | B8: =IF(A8="","",EDATE(财政贴息试算!$C$11,A8-1)) -> 46277 | C8: =IF(A8="","",MIN(EDATE(财政贴息试算!$C$11,A8)-1,财政贴息试算!$C$3)) -> 46306 | D8: =IF(A8="","",DATEDIF(B8,C8,"d")+1) -> 30 | E8: =IF(A8="","",E7*(1+财政贴息试算!$C$10/12)-财政贴息试算!$C$8*(财政贴息试算!$C$10/12)*(1+财政贴息试算!$C$10/12)^财政贴息试算!$C$9/((1+财政贴息试算!$C$10/12)^财政贴息试算!$C$9-1)) -> 16541.233 | F8: =IF(D8>=30,E8*财政贴息试算!$D$10*30/360,E8*财政贴息试算!$D$10*明细表!D8/360) -> 13.784361 | I8: =IF(ROW()-1>MIN(DATEDIF(财政贴息试算!$G$11,财政贴息试算!$C$3,"m")+1,财政贴息试算!$G$9),"",ROW()-1) -> 7 | J8: =IF(I8="","",EDATE(财政贴息试算!$G$11,I8-1)) -> 46266 | K8: =IF(I8="","",MIN(EDATE(财政贴息试算!$G$11,I8)-1,财政贴息试算!$C$3)) -> 46295 | L8: =IF(I8="","",DATEDIF(J8,K8,"d")+1) -> 30 | M8: =IF(I8="","",财政贴息试算!$G$8) -> 54145 | N8: =IF(L8>=30,M8*财政贴息试算!$H$10*30/360,M8*财政贴息试算!$H$10*明细表!L8/360) -> 44.669625 | Q8: =IF(ROW()-1>MIN(DATEDIF(财政贴息试算!$K$11,财政贴息试算!$C$3,"m")+1,财政贴息试算!$NF$9),"",ROW()-1) -> 7 | R8: =IF(Q8="","",EDATE(财政贴息试算!$K$11,Q8-1)) -> 46268 | S8: =IF(Q8="","",MIN(EDATE(财政贴息试算!$K$11,Q8)-1,财政贴息试算!$C$3)) -> 46297 | T8: =IF(Q8="","",DATEDIF(R8,S8,"d")+1) -> 30 | U8: =IF(Q8="","",财政贴息试算!$K$8-财政贴息试算!$K$8*25%) -> 52500 | V8: =IF(T8>=30,U8*财政贴息试算!$C$2*30/360,U8*财政贴息试算!$C$2*明细表!T8/360) -> 43.75
A9: =IF(ROW()-1>MIN(DATEDIF(财政贴息试算!$C$11,财政贴息试算!$C$3,"m")+1,财政贴息试算!$C$9),"",ROW()-1) -> 8 | B9: =IF(A9="","",EDATE(财政贴息试算!$C$11,A9-1)) -> 46307 | C9: =IF(A9="","",MIN(EDATE(财政贴息试算!$C$11,A9)-1,财政贴息试算!$C$3)) -> 46337 | D9: =IF(A9="","",DATEDIF(B9,C9,"d")+1) -> 31 | E9: =IF(A9="","",E8*(1+财政贴息试算!$C$10/12)-财政贴息试算!$C$8*(财政贴息试算!$C$10/12)*(1+财政贴息试算!$C$10/12)^财政贴息试算!$C$9/((1+财政贴息试算!$C$10/12)^财政贴息试算!$C$9-1)) -> 13790.099 | F9: =IF(D9>=30,E9*财政贴息试算!$D$10*30/360,E9*财政贴息试算!$D$10*明细表!D9/360) -> 11.491749 | I9: =IF(ROW()-1>MIN(DATEDIF(财政贴息试算!$G$11,财政贴息试算!$C$3,"m")+1,财政贴息试算!$G$9),"",ROW()-1) -> 8 | J9: =IF(I9="","",EDATE(财政贴息试算!$G$11,I9-1)) -> 46296 | K9: =IF(I9="","",MIN(EDATE(财政贴息试算!$G$11,I9)-1,财政贴息试算!$C$3)) -> 46326 | L9: =IF(I9="","",DATEDIF(J9,K9,"d")+1) -> 31 | M9: =IF(I9="","",财政贴息试算!$G$8) -> 54145 | N9: =IF(L9>=30,M9*财政贴息试算!$H$10*30/360,M9*财政贴息试算!$H$10*明细表!L9/360) -> 44.669625 | Q9: =IF(ROW()-1>MIN(DATEDIF(财政贴息试算!$K$11,财政贴息试算!$C$3,"m")+1,财政贴息试算!$NF$9),"",ROW()-1) -> 8 | R9: =IF(Q9="","",EDATE(财政贴息试算!$K$11,Q9-1)) -> 46298 | S9: =IF(Q9="","",MIN(EDATE(财政贴息试算!$K$11,Q9)-1,财政贴息试算!$C$3)) -> 46328 | T9: =IF(Q9="","",DATEDIF(R9,S9,"d")+1) -> 31 | U9: =IF(Q9="","",财政贴息试算!$K$8-财政贴息试算!$K$8*25%) -> 52500 | V9: =IF(T9>=30,U9*财政贴息试算!$C$2*30/360,U9*财政贴息试算!$C$2*明细表!T9/360) -> 43.75
A10: =IF(ROW()-1>MIN(DATEDIF(财政贴息试算!$C$11,财政贴息试算!$C$3,"m")+1,财政贴息试算!$C$9),"",ROW()-1) -> 9 | B10: =IF(A10="","",EDATE(财政贴息试算!$C$11,A10-1)) -> 46338 | C10: =IF(A10="","",MIN(EDATE(财政贴息试算!$C$11,A10)-1,财政贴息试算!$C$3)) -> 46367 | D10: =IF(A10="","",DATEDIF(B10,C10,"d")+1) -> 30 | E10: =IF(A10="","",E9*(1+财政贴息试算!$C$10/12)-财政贴息试算!$C$8*(财政贴息试算!$C$10/12)*(1+财政贴息试算!$C$10/12)^财政贴息试算!$C$9/((1+财政贴息试算!$C$10/12)^财政贴息试算!$C$9-1)) -> 11036.672 | F10: =IF(D10>=30,E10*财政贴息试算!$D$10*30/360,E10*财政贴息试算!$D$10*明细表!D10/360) -> 9.1972264 | I10: =IF(ROW()-1>MIN(DATEDIF(财政贴息试算!$G$11,财政贴息试算!$C$3,"m")+1,财政贴息试算!$G$9),"",ROW()-1) -> 9 | J10: =IF(I10="","",EDATE(财政贴息试算!$G$11,I10-1)) -> 46327 | K10: =IF(I10="","",MIN(EDATE(财政贴息试算!$G$11,I10)-1,财政贴息试算!$C$3)) -> 46356 | L10: =IF(I10="","",DATEDIF(J10,K10,"d")+1) -> 30 | M10: =IF(I10="","",财政贴息试算!$G$8) -> 54145 | N10: =IF(L10>=30,M10*财政贴息试算!$H$10*30/360,M10*财政贴息试算!$H$10*明细表!L10/360) -> 44.669625 | Q10: =IF(ROW()-1>MIN(DATEDIF(财政贴息试算!$K$11,财政贴息试算!$C$3,"m")+1,财政贴息试算!$NF$9),"",ROW()-1) -> 9 | R10: =IF(Q10="","",EDATE(财政贴息试算!$K$11,Q10-1)) -> 46329 | S10: =IF(Q10="","",MIN(EDATE(财政贴息试算!$K$11,Q10)-1,财政贴息试算!$C$3)) -> 46358 | T10: =IF(Q10="","",DATEDIF(R10,S10,"d")+1) -> 30 | U10: =IF(Q10="","",财政贴息试算!$K$8-财政贴息试算!$K$8*25%) -> 52500 | V10: =IF(T10>=30,U10*财政贴息试算!$C$2*30/360,U10*财政贴息试算!$C$2*明细表!T10/360) -> 43.75
A11: =IF(ROW()-1>MIN(DATEDIF(财政贴息试算!$C$11,财政贴息试算!$C$3,"m")+1,财政贴息试算!$C$9),"",ROW()-1) -> 10 | B11: =IF(A11="","",EDATE(财政贴息试算!$C$11,A11-1)) -> 46368 | C11: =IF(A11="","",MIN(EDATE(财政贴息试算!$C$11,A11)-1,财政贴息试算!$C$3)) -> 46387 | D11: =IF(A11="","",DATEDIF(B11,C11,"d")+1) -> 20 | E11: =IF(A11="","",E10*(1+财政贴息试算!$C$10/12)-财政贴息试算!$C$8*(财政贴息试算!$C$10/12)*(1+财政贴息试算!$C$10/12)^财政贴息试算!$C$9/((1+财政贴息试算!$C$10/12)^财政贴息试算!$C$9-1)) -> 8280.9503 | F11: =IF(D11>=30,E11*财政贴息试算!$D$10*30/360,E11*财政贴息试算!$D$10*明细表!D11/360) -> 4.600528 | I11: =IF(ROW()-1>MIN(DATEDIF(财政贴息试算!$G$11,财政贴息试算!$C$3,"m")+1,财政贴息试算!$G$9),"",ROW()-1) -> 10 | J11: =IF(I11="","",EDATE(财政贴息试算!$G$11,I11-1)) -> 46357 | K11: =IF(I11="","",MIN(EDATE(财政贴息试算!$G$11,I11)-1,财政贴息试算!$C$3)) -> 46387 | L11: =IF(I11="","",DATEDIF(J11,K11,"d")+1) -> 31 | M11: =IF(I11="","",财政贴息试算!$G$8) -> 54145 | N11: =IF(L11>=30,M11*财政贴息试算!$H$10*30/360,M11*财政贴息试算!$H$10*明细表!L11/360) -> 44.669625 | Q11: =IF(ROW()-1>MIN(DATEDIF(财政贴息试算!$K$11,财政贴息试算!$C$3,"m")+1,财政贴息试算!$NF$9),"",ROW()-1) -> 10 | R11: =IF(Q11="","",EDATE(财政贴息试算!$K$11,Q11-1)) -> 46359 | S11: =IF(Q11="","",MIN(EDATE(财政贴息试算!$K$11,Q11)-1,财政贴息试算!$C$3)) -> 46387 | T11: =IF(Q11="","",DATEDIF(R11,S11,"d")+1) -> 29 | U11: =IF(Q11="","",财政贴息试算!$K$8-财政贴息试算!$K$8*25%) -> 52500 | V11: =IF(T11>=30,U11*财政贴息试算!$C$2*30/360,U11*财政贴息试算!$C$2*明细表!T11/360) -> 42.291667
A12: =IF(ROW()-1>MIN(DATEDIF(财政贴息试算!$C$11,财政贴息试算!$C$3,"m")+1,财政贴息试算!$C$9),"",ROW()-1) | B12: =IF(A12="","",EDATE(财政贴息试算!$C$11,A12-1)) | C12: =IF(A12="","",MIN(EDATE(财政贴息试算!$C$11,A12)-1,财政贴息试算!$C$3)) | D12: =IF(A12="","",DATEDIF(B12,C12,"d")+1) | E12: =IF(A12="","",E11*(1+财政贴息试算!$C$10/12)-财政贴息试算!$C$8*(财政贴息试算!$C$10/12)*(1+财政贴息试算!$C$10/12)^财政贴息试算!$C$9/((1+财政贴息试算!$C$10/12)^财政贴息试算!$C$9-1)) | F12: =IF(D12>=30,E12*财政贴息试算!$D$10*30/360,E12*财政贴息试算!$D$10*明细表!D12/360) -> #VALUE! | I12: =IF(ROW()-1>MIN(DATEDIF(财政贴息试算!$G$11,财政贴息试算!$C$3,"m")+1,财政贴息试算!$G$9),"",ROW()-1) | J12: =IF(I12="","",EDATE(财政贴息试算!$G$11,I12-1)) | K12: =IF(I12="","",MIN(EDATE(财政贴息试算!$G$11,I12)-1,财政贴息试算!$C$3)) | L12: =IF(I12="","",DATEDIF(J12,K12,"d")+1) | M12: =IF(I12="","",财政贴息试算!$G$8) | N12: =IF(L12>=30,M12*财政贴息试算!$H$10*30/360,M12*财政贴息试算!$H$10*明细表!L12/360) -> #VALUE! | Q12: =IF(ROW()-1>MIN(DATEDIF(财政贴息试算!$K$11,财政贴息试算!$C$3,"m")+1,财政贴息试算!$NF$9),"",ROW()-1) | R12: =IF(Q12="","",EDATE(财政贴息试算!$K$11,Q12-1)) | S12: =IF(Q12="","",MIN(EDATE(财政贴息试算!$K$11,Q12)-1,财政贴息试算!$C$3)) | T12: =IF(Q12="","",DATEDIF(R12,S12,"d")+1) | U12: =IF(Q12="","",财政贴息试算!$K$8-财政贴息试算!$K$8*25%) | V12: =IF(T12>=30,U12*财政贴息试算!$C$2*30/360,U12*财政贴息试算!$C$2*明细表!T12/360) -> #VALUE!
A13: =IF(ROW()-1>MIN(DATEDIF(财政贴息试算!$C$11,财政贴息试算!$C$3,"m")+1,财政贴息试算!$C$9),"",ROW()-1) | B13: =IF(A13="","",EDATE(财政贴息试算!$C$11,A13-1)) | C13: =IF(A13="","",MIN(EDATE(财政贴息试算!$C$11,A13)-1,财政贴息试算!$C$3)) | D13: =IF(A13="","",DATEDIF(B13,C13,"d")+1) | E13: =IF(A13="","",E12*(1+财政贴息试算!$C$10/12)-财政贴息试算!$C$8*(财政贴息试算!$C$10/12)*(1+财政贴息试算!$C$10/12)^财政贴息试算!$C$9/((1+财政贴息试算!$C$10/12)^财政贴息试算!$C$9-1)) | F13: =IF(D13>=30,E13*财政贴息试算!$D$10*30/360,E13*财政贴息试算!$D$10*明细表!D13/360) -> #VALUE! | I13: =IF(ROW()-1>MIN(DATEDIF(财政贴息试算!$G$11,财政贴息试算!$C$3,"m")+1,财政贴息试算!$G$9),"",ROW()-1) | J13: =IF(I13="","",EDATE(财政贴息试算!$G$11,I13-1)) | K13: =IF(I13="","",MIN(EDATE(财政贴息试算!$G$11,I13)-1,财政贴息试算!$C$3)) | L13: =IF(I13="","",DATEDIF(J13,K13,"d")+1) | M13: =IF(I13="","",财政贴息试算!$G$8) | N13: =IF(L13>=30,M13*财政贴息试算!$H$10*30/360,M13*财政贴息试算!$H$10*明细表!L13/360) -> #VALUE! | Q13: =IF(ROW()-1>MIN(DATEDIF(财政贴息试算!$K$11,财政贴息试算!$C$3,"m")+1,财政贴息试算!$NF$9),"",ROW()-1) | R13: =IF(Q13="","",EDATE(财政贴息试算!$K$11,Q13-1)) | S13: =IF(Q13="","",MIN(EDATE(财政贴息试算!$K$11,Q13)-1,财政贴息试算!$C$3)) | T13: =IF(Q13="","",DATEDIF(R13,S13,"d")+1) | U13: =IF(Q13="","",财政贴息试算!$K$8-财政贴息试算!$K$8*25%) | V13: =IF(T13>=30,U13*财政贴息试算!$C$2*30/360,U13*财政贴息试算!$C$2*明细表!T13/360) -> #VALUE!
A14: =IF(ROW()-1>MIN(DATEDIF(财政贴息试算!$C$11,财政贴息试算!$C$3,"m")+1,财政贴息试算!$C$9),"",ROW()-1) | B14: =IF(A14="","",EDATE(财政贴息试算!$C$11,A14-1)) | C14: =IF(A14="","",MIN(EDATE(财政贴息试算!$C$11,A14)-1,财政贴息试算!$C$3)) | D14: =IF(A14="","",DATEDIF(B14,C14,"d")+1) | E14: =IF(A14="","",E13*(1+财政贴息试算!C24/12)-财政贴息试算!C22*(财政贴息试算!C24/12)*(1+财政贴息试算!C24/12)^财政贴息试算!C23/((1+财政贴息试算!C24/12)^财政贴息试算!C23-1)) | F14: =IF(A14="","",E14*财政贴息试算!$C$2*30/360)
A15: =IF(ROW()-1>MIN(DATEDIF(财政贴息试算!$C$11,财政贴息试算!$C$3,"m")+1,财政贴息试算!$C$9),"",ROW()-1) | B15: =IF(A15="","",EDATE(财政贴息试算!$C$11,A15-1)) | C15: =IF(A15="","",MIN(EDATE(财政贴息试算!$C$11,A15)-1,财政贴息试算!$C$3)) | D15: =IF(A15="","",DATEDIF(B15,C15,"d")+1) | E15: =IF(A15="","",E14*(1+财政贴息试算!C25/12)-财政贴息试算!C23*(财政贴息试算!C25/12)*(1+财政贴息试算!C25/12)^财政贴息试算!C24/((1+财政贴息试算!C25/12)^财政贴息试算!C24-1)) | F15: =IF(A15="","",E15*财政贴息试算!$C$2*30/360)
A16: =IF(ROW()-1>MIN(DATEDIF(财政贴息试算!$C$11,财政贴息试算!$C$3,"m")+1,财政贴息试算!$C$9),"",ROW()-1) | B16: =IF(A16="","",EDATE(财政贴息试算!$C$11,A16-1)) | C16: =IF(A16="","",MIN(EDATE(财政贴息试算!$C$11,A16)-1,财政贴息试算!$C$3)) | D16: =IF(A16="","",DATEDIF(B16,C16,"d")+1) | E16: =IF(A16="","",E15*(1+财政贴息试算!C26/12)-财政贴息试算!C24*(财政贴息试算!C26/12)*(1+财政贴息试算!C26/12)^财政贴息试算!C25/((1+财政贴息试算!C26/12)^财政贴息试算!C25-1)) | F16: =IF(A16="","",E16*财政贴息试算!$C$2*30/360)
A17: =IF(ROW()-1>MIN(DATEDIF(财政贴息试算!$C$11,财政贴息试算!$C$3,"m")+1,财政贴息试算!$C$9),"",ROW()-1) | B17: =IF(A17="","",EDATE(财政贴息试算!$C$11,A17-1)) | C17: =IF(A17="","",MIN(EDATE(财政贴息试算!$C$11,A17)-1,财政贴息试算!$C$3)) | D17: =IF(A17="","",DATEDIF(B17,C17,"d")+1) | E17: =IF(A17="","",E16*(1+财政贴息试算!C27/12)-财政贴息试算!C25*(财政贴息试算!C27/12)*(1+财政贴息试算!C27/12)^财政贴息试算!C26/((1+财政贴息试算!C27/12)^财政贴息试算!C26-1)) | F17: =IF(A17="","",E17*财政贴息试算!$C$2*30/360)
A18: =IF(ROW()-1>MIN(DATEDIF(财政贴息试算!$C$11,财政贴息试算!$C$3,"m")+1,财政贴息试算!$C$9),"",ROW()-1) | B18: =IF(A18="","",EDATE(财政贴息试算!$C$11,A18-1)) | C18: =IF(A18="","",MIN(EDATE(财政贴息试算!$C$11,A18)-1,财政贴息试算!$C$3)) | D18: =IF(A18="","",DATEDIF(B18,C18,"d")+1) | E18: =IF(A18="","",E17*(1+财政贴息试算!C28/12)-财政贴息试算!C26*(财政贴息试算!C28/12)*(1+财政贴息试算!C28/12)^财政贴息试算!C27/((1+财政贴息试算!C28/12)^财政贴息试算!C27-1)) | F18: =IF(A18="","",E18*财政贴息试算!$C$2*30/360)
E19: =IF(A19="","",E18*(1+财政贴息试算!C29/12)-财政贴息试算!C27*(财政贴息试算!C29/12)*(1+财政贴息试算!C29/12)^财政贴息试算!C28/((1+财政贴息试算!C29/12)^财政贴息试算!C28-1)) | F19: =IF(A19="","",E19*财政贴息试算!$C$2*30/360)
